{
  "fitted": true,
  "coef_full": [
    0.850041860105152,
    0.7751794937157586,
    1.0331813221355088
  ],
  "intercept_full": -1.1433503649610575,
  "coef_2signal": [
    1.0131323951921771,
    0.9247850811065456
  ],
  "intercept_2signal": -0.8123171522973369
}